<?xml version="1.0" encoding="UTF-8"?>
<project-private xmlns="http://www.netbeans.org/ns/project-private/1">
    <editor-bookmarks xmlns="http://www.netbeans.org/ns/editor-bookmarks/2" lastBookmarkId="0"/>
    <open-files xmlns="http://www.netbeans.org/ns/projectui-open-files/2">
        <group>
            <file>file:/D:/kuliah/semester%204/Prak%20PBO/Coding/latihan_kuis/src/latihan_kuis/LoginPage.java</file>
            <file>file:/D:/kuliah/semester%204/Prak%20PBO/Coding/latihan_kuis/src/latihan_kuis/LatihanKuis.java</file>
            <file>file:/D:/kuliah/semester%204/Prak%20PBO/Coding/latihan_kuis/src/latihan_kuis/LingkaranPage.java</file>
            <file>file:/D:/kuliah/semester%204/Prak%20PBO/Coding/latihan_kuis/src/latihan_kuis/SegitigaPage.java</file>
            <file>file:/D:/kuliah/semester%204/Prak%20PBO/Coding/latihan_kuis/src/latihan_kuis/MainMenu.java</file>
            <file>file:/D:/kuliah/semester%204/Prak%20PBO/Coding/latihan_kuis/src/latihan_kuis/HasilLingkaran.java</file>
            <file>file:/D:/kuliah/semester%204/Prak%20PBO/Coding/latihan_kuis/src/latihan_kuis/HasilSegitiga.java</file>
        </group>
    </open-files>
</project-private>
