<?xml version="1.0" encoding="UTF-8"?>
<project-private xmlns="http://www.netbeans.org/ns/project-private/1">
    <editor-bookmarks xmlns="http://www.netbeans.org/ns/editor-bookmarks/2" lastBookmarkId="0"/>
    <open-files xmlns="http://www.netbeans.org/ns/projectui-open-files/2">
        <group>
            <file>file:/D:/Java/Tiket%20Bioskop/src/id/yogdev/bioskop/controller/FilmController.java</file>
            <file>file:/D:/Java/Tiket%20Bioskop/src/id/yogdev/bioskop/model/Admin.java</file>
            <file>file:/D:/Java/Tiket%20Bioskop/src/id/yogdev/bioskop/model/CrudState.java</file>
            <file>file:/D:/Java/Tiket%20Bioskop/src/id/yogdev/bioskop/database/KoneksiDatabase.java</file>
            <file>file:/D:/Java/Tiket%20Bioskop/src/id/yogdev/bioskop/TiketBioskop.java</file>
            <file>file:/D:/Java/Tiket%20Bioskop/src/id/yogdev/bioskop/model/Film.java</file>
            <file>file:/D:/Java/Tiket%20Bioskop/src/id/yogdev/bioskop/controller/TransaksiController.java</file>
        </group>
    </open-files>
</project-private>
