<?xml version="1.0" encoding="UTF-8"?>
<project-private xmlns="http://www.netbeans.org/ns/project-private/1">
    <editor-bookmarks xmlns="http://www.netbeans.org/ns/editor-bookmarks/2" lastBookmarkId="0"/>
    <open-files xmlns="http://www.netbeans.org/ns/projectui-open-files/2">
        <group>
            <file>file:/D:/kuliah/semester%204/Prak%20PBO/Coding/parkir/src/DAOImplement/dataparkirimplement.java</file>
            <file>file:/D:/kuliah/semester%204/Prak%20PBO/Coding/parkir/src/controller/dataparkircontroller.java</file>
            <file>file:/D:/kuliah/semester%204/Prak%20PBO/Coding/parkir/src/view/Parkir.java</file>
            <file>file:/D:/kuliah/semester%204/Prak%20PBO/Coding/parkir/src/DAOdataparkir/dataparkirDAO.java</file>
            <file>file:/D:/kuliah/semester%204/Prak%20PBO/Coding/parkir/src/model/modeltabeldataparkir.java</file>
            <file>file:/D:/kuliah/semester%204/Prak%20PBO/Coding/parkir/src/view/MainView.java</file>
            <file>file:/D:/kuliah/semester%204/Prak%20PBO/Coding/parkir/src/koneksi/connector.java</file>
            <file>file:/D:/kuliah/semester%204/Prak%20PBO/Coding/parkir/src/model/dataparkir.java</file>
        </group>
    </open-files>
</project-private>
